"Benchmark","Mode","Threads","Samples","Score","Score Error (99.9%)","Unit","Param: size"
"CompressedTrie.CustomCompressedTriePerformanceTest.benchmarkArrayConstructor","avgt",1,3,1376935.633559,740318.657866,"ns/op",10000
"CompressedTrie.CustomCompressedTriePerformanceTest.benchmarkArrayConstructor","avgt",1,3,3087072.162850,322954.024261,"ns/op",20000
"CompressedTrie.CustomCompressedTriePerformanceTest.benchmarkArrayConstructor","avgt",1,3,5089067.359149,2210774.094627,"ns/op",30000
"CompressedTrie.CustomCompressedTriePerformanceTest.benchmarkArrayConstructor","avgt",1,3,8136321.521271,5227301.212973,"ns/op",40000
"CompressedTrie.CustomCompressedTriePerformanceTest.benchmarkArrayConstructor","avgt",1,3,11356746.990277,22811879.466995,"ns/op",50000
"CompressedTrie.CustomCompressedTriePerformanceTest.benchmarkArrayConstructor","avgt",1,3,16895416.173051,24483306.837148,"ns/op",70000
"CompressedTrie.CustomCompressedTriePerformanceTest.benchmarkArrayConstructor","avgt",1,3,20491081.467949,15279142.381192,"ns/op",80000
"CompressedTrie.CustomCompressedTriePerformanceTest.benchmarkArrayConstructor","avgt",1,3,36479067.645623,164384325.443174,"ns/op",90000
"CompressedTrie.CustomCompressedTriePerformanceTest.benchmarkArrayConstructor","avgt",1,3,27426442.067817,53914734.763569,"ns/op",100000
"CompressedTrie.CustomCompressedTriePerformanceTest.benchmarkClear","avgt",1,3,34.830541,72.899738,"ns/op",10000
"CompressedTrie.CustomCompressedTriePerformanceTest.benchmarkClear","avgt",1,3,52.405668,113.302517,"ns/op",20000
"CompressedTrie.CustomCompressedTriePerformanceTest.benchmarkClear","avgt",1,3,233.460985,1818.844159,"ns/op",30000
"CompressedTrie.CustomCompressedTriePerformanceTest.benchmarkClear","avgt",1,3,266.856410,1441.784192,"ns/op",40000
"CompressedTrie.CustomCompressedTriePerformanceTest.benchmarkClear","avgt",1,3,427.507542,3276.463978,"ns/op",50000
"CompressedTrie.CustomCompressedTriePerformanceTest.benchmarkClear","avgt",1,3,894.120789,5130.395602,"ns/op",70000
"CompressedTrie.CustomCompressedTriePerformanceTest.benchmarkClear","avgt",1,3,1182.251662,16834.542362,"ns/op",80000
"CompressedTrie.CustomCompressedTriePerformanceTest.benchmarkClear","avgt",1,3,1621.698413,1287.333248,"ns/op",90000
"CompressedTrie.CustomCompressedTriePerformanceTest.benchmarkClear","avgt",1,3,886.457937,1851.386943,"ns/op",100000
"CompressedTrie.CustomCompressedTriePerformanceTest.benchmarkCopyConstructor","avgt",1,3,1172642.375376,325751.505263,"ns/op",10000
"CompressedTrie.CustomCompressedTriePerformanceTest.benchmarkCopyConstructor","avgt",1,3,2509237.514564,29149.934331,"ns/op",20000
"CompressedTrie.CustomCompressedTriePerformanceTest.benchmarkCopyConstructor","avgt",1,3,3761377.892114,169258.868652,"ns/op",30000
"CompressedTrie.CustomCompressedTriePerformanceTest.benchmarkCopyConstructor","avgt",1,3,5136109.848485,258295.523718,"ns/op",40000
"CompressedTrie.CustomCompressedTriePerformanceTest.benchmarkCopyConstructor","avgt",1,3,6661837.237013,713437.954018,"ns/op",50000
"CompressedTrie.CustomCompressedTriePerformanceTest.benchmarkCopyConstructor","avgt",1,3,9217650.851732,930973.636925,"ns/op",70000
"CompressedTrie.CustomCompressedTriePerformanceTest.benchmarkCopyConstructor","avgt",1,3,11343793.207407,1864663.746595,"ns/op",80000
"CompressedTrie.CustomCompressedTriePerformanceTest.benchmarkCopyConstructor","avgt",1,3,13297924.953571,16619847.272634,"ns/op",90000
"CompressedTrie.CustomCompressedTriePerformanceTest.benchmarkCopyConstructor","avgt",1,3,14252349.401321,20500895.359303,"ns/op",100000
"CompressedTrie.CustomCompressedTriePerformanceTest.benchmarkDefaultConstructor","avgt",1,3,4.643338,3.304639,"ns/op",10000
"CompressedTrie.CustomCompressedTriePerformanceTest.benchmarkDefaultConstructor","avgt",1,3,4.500807,0.176015,"ns/op",20000
"CompressedTrie.CustomCompressedTriePerformanceTest.benchmarkDefaultConstructor","avgt",1,3,4.508050,0.426761,"ns/op",30000
"CompressedTrie.CustomCompressedTriePerformanceTest.benchmarkDefaultConstructor","avgt",1,3,4.627618,2.115474,"ns/op",40000
"CompressedTrie.CustomCompressedTriePerformanceTest.benchmarkDefaultConstructor","avgt",1,3,4.493056,0.644926,"ns/op",50000
"CompressedTrie.CustomCompressedTriePerformanceTest.benchmarkDefaultConstructor","avgt",1,3,4.718586,2.241302,"ns/op",70000
"CompressedTrie.CustomCompressedTriePerformanceTest.benchmarkDefaultConstructor","avgt",1,3,4.622361,1.208798,"ns/op",80000
"CompressedTrie.CustomCompressedTriePerformanceTest.benchmarkDefaultConstructor","avgt",1,3,4.605051,0.765910,"ns/op",90000
"CompressedTrie.CustomCompressedTriePerformanceTest.benchmarkDefaultConstructor","avgt",1,3,4.646907,3.737808,"ns/op",100000
"CompressedTrie.CustomCompressedTriePerformanceTest.benchmarkDelete","avgt",1,3,464.299094,2209.679354,"ns/op",10000
"CompressedTrie.CustomCompressedTriePerformanceTest.benchmarkDelete","avgt",1,3,685.125986,3750.633756,"ns/op",20000
"CompressedTrie.CustomCompressedTriePerformanceTest.benchmarkDelete","avgt",1,3,1401.617218,7637.794355,"ns/op",30000
"CompressedTrie.CustomCompressedTriePerformanceTest.benchmarkDelete","avgt",1,3,1373.538900,880.037341,"ns/op",40000
"CompressedTrie.CustomCompressedTriePerformanceTest.benchmarkDelete","avgt",1,3,2200.152565,12491.930006,"ns/op",50000
"CompressedTrie.CustomCompressedTriePerformanceTest.benchmarkDelete","avgt",1,3,3997.611905,18291.938010,"ns/op",70000
"CompressedTrie.CustomCompressedTriePerformanceTest.benchmarkDelete","avgt",1,3,6043.496795,75836.627215,"ns/op",80000
"CompressedTrie.CustomCompressedTriePerformanceTest.benchmarkDelete","avgt",1,3,6350.954545,30649.191579,"ns/op",90000
"CompressedTrie.CustomCompressedTriePerformanceTest.benchmarkDelete","avgt",1,3,8563.820635,52810.894800,"ns/op",100000
"CompressedTrie.CustomCompressedTriePerformanceTest.benchmarkEquals","avgt",1,3,901243.292580,857714.095324,"ns/op",10000
"CompressedTrie.CustomCompressedTriePerformanceTest.benchmarkEquals","avgt",1,3,1765208.099445,314480.725633,"ns/op",20000
"CompressedTrie.CustomCompressedTriePerformanceTest.benchmarkEquals","avgt",1,3,2722938.180514,1184043.432068,"ns/op",30000
"CompressedTrie.CustomCompressedTriePerformanceTest.benchmarkEquals","avgt",1,3,3745865.066118,2133625.746273,"ns/op",40000
"CompressedTrie.CustomCompressedTriePerformanceTest.benchmarkEquals","avgt",1,3,4868711.116853,914960.791956,"ns/op",50000
"CompressedTrie.CustomCompressedTriePerformanceTest.benchmarkEquals","avgt",1,3,7353307.853339,8196842.241082,"ns/op",70000
"CompressedTrie.CustomCompressedTriePerformanceTest.benchmarkEquals","avgt",1,3,7993555.342014,1750154.477453,"ns/op",80000
"CompressedTrie.CustomCompressedTriePerformanceTest.benchmarkEquals","avgt",1,3,9187426.402778,4521368.792875,"ns/op",90000
"CompressedTrie.CustomCompressedTriePerformanceTest.benchmarkEquals","avgt",1,3,10526837.914604,5792276.901155,"ns/op",100000
"CompressedTrie.CustomCompressedTriePerformanceTest.benchmarkHashCode","avgt",1,3,558405.195536,387310.271305,"ns/op",10000
"CompressedTrie.CustomCompressedTriePerformanceTest.benchmarkHashCode","avgt",1,3,1146031.092854,391638.724825,"ns/op",20000
"CompressedTrie.CustomCompressedTriePerformanceTest.benchmarkHashCode","avgt",1,3,1698507.269921,198763.599262,"ns/op",30000
"CompressedTrie.CustomCompressedTriePerformanceTest.benchmarkHashCode","avgt",1,3,2369042.262698,696677.624522,"ns/op",40000
"CompressedTrie.CustomCompressedTriePerformanceTest.benchmarkHashCode","avgt",1,3,3060121.350907,148029.672151,"ns/op",50000
"CompressedTrie.CustomCompressedTriePerformanceTest.benchmarkHashCode","avgt",1,3,4506700.228134,1839194.422568,"ns/op",70000
"CompressedTrie.CustomCompressedTriePerformanceTest.benchmarkHashCode","avgt",1,3,5042772.910093,3518466.104874,"ns/op",80000
"CompressedTrie.CustomCompressedTriePerformanceTest.benchmarkHashCode","avgt",1,3,5651852.166667,665458.500561,"ns/op",90000
"CompressedTrie.CustomCompressedTriePerformanceTest.benchmarkHashCode","avgt",1,3,6195430.803062,2521662.660693,"ns/op",100000
"CompressedTrie.CustomCompressedTriePerformanceTest.benchmarkInsert","avgt",1,3,1390491.505708,293853.027694,"ns/op",10000
"CompressedTrie.CustomCompressedTriePerformanceTest.benchmarkInsert","avgt",1,3,3181056.752391,693508.955869,"ns/op",20000
"CompressedTrie.CustomCompressedTriePerformanceTest.benchmarkInsert","avgt",1,3,5472339.172040,4953273.419897,"ns/op",30000
"CompressedTrie.CustomCompressedTriePerformanceTest.benchmarkInsert","avgt",1,3,8285506.955873,9756341.311901,"ns/op",40000
"CompressedTrie.CustomCompressedTriePerformanceTest.benchmarkInsert","avgt",1,3,11294805.490779,14081366.698217,"ns/op",50000
"CompressedTrie.CustomCompressedTriePerformanceTest.benchmarkInsert","avgt",1,3,16420529.488889,10632722.363523,"ns/op",70000
"CompressedTrie.CustomCompressedTriePerformanceTest.benchmarkInsert","avgt",1,3,19716083.865755,13464478.543597,"ns/op",80000
"CompressedTrie.CustomCompressedTriePerformanceTest.benchmarkInsert","avgt",1,3,25039996.009524,14875351.259286,"ns/op",90000
"CompressedTrie.CustomCompressedTriePerformanceTest.benchmarkInsert","avgt",1,3,28190139.536057,40307911.656994,"ns/op",100000
"CompressedTrie.CustomCompressedTriePerformanceTest.benchmarkIsEmpty","avgt",1,3,0.531835,0.153245,"ns/op",10000
"CompressedTrie.CustomCompressedTriePerformanceTest.benchmarkIsEmpty","avgt",1,3,0.545294,0.518437,"ns/op",20000
"CompressedTrie.CustomCompressedTriePerformanceTest.benchmarkIsEmpty","avgt",1,3,0.530112,0.040177,"ns/op",30000
"CompressedTrie.CustomCompressedTriePerformanceTest.benchmarkIsEmpty","avgt",1,3,0.534328,0.214726,"ns/op",40000
"CompressedTrie.CustomCompressedTriePerformanceTest.benchmarkIsEmpty","avgt",1,3,0.537000,0.152572,"ns/op",50000
"CompressedTrie.CustomCompressedTriePerformanceTest.benchmarkIsEmpty","avgt",1,3,0.542487,0.294818,"ns/op",70000
"CompressedTrie.CustomCompressedTriePerformanceTest.benchmarkIsEmpty","avgt",1,3,0.537825,0.135079,"ns/op",80000
"CompressedTrie.CustomCompressedTriePerformanceTest.benchmarkIsEmpty","avgt",1,3,0.550682,0.277127,"ns/op",90000
"CompressedTrie.CustomCompressedTriePerformanceTest.benchmarkIsEmpty","avgt",1,3,0.586989,0.157942,"ns/op",100000
"CompressedTrie.CustomCompressedTriePerformanceTest.benchmarkListConstructor","avgt",1,3,1416551.399365,810600.800733,"ns/op",10000
"CompressedTrie.CustomCompressedTriePerformanceTest.benchmarkListConstructor","avgt",1,3,3235836.463176,1171703.980898,"ns/op",20000
"CompressedTrie.CustomCompressedTriePerformanceTest.benchmarkListConstructor","avgt",1,3,5465356.684541,6003928.965375,"ns/op",30000
"CompressedTrie.CustomCompressedTriePerformanceTest.benchmarkListConstructor","avgt",1,3,8363435.456557,2600988.224387,"ns/op",40000
"CompressedTrie.CustomCompressedTriePerformanceTest.benchmarkListConstructor","avgt",1,3,10740757.667951,3775440.843377,"ns/op",50000
"CompressedTrie.CustomCompressedTriePerformanceTest.benchmarkListConstructor","avgt",1,3,17498613.275597,15101148.932643,"ns/op",70000
"CompressedTrie.CustomCompressedTriePerformanceTest.benchmarkListConstructor","avgt",1,3,20355970.922840,22704195.733283,"ns/op",80000
"CompressedTrie.CustomCompressedTriePerformanceTest.benchmarkListConstructor","avgt",1,3,24942007.936508,3612294.688369,"ns/op",90000
"CompressedTrie.CustomCompressedTriePerformanceTest.benchmarkListConstructor","avgt",1,3,25719680.315664,27226004.846395,"ns/op",100000
"CompressedTrie.CustomCompressedTriePerformanceTest.benchmarkSearchHit","avgt",1,3,43.604027,5.602812,"ns/op",10000
"CompressedTrie.CustomCompressedTriePerformanceTest.benchmarkSearchHit","avgt",1,3,49.769153,11.707540,"ns/op",20000
"CompressedTrie.CustomCompressedTriePerformanceTest.benchmarkSearchHit","avgt",1,3,46.694663,7.093459,"ns/op",30000
"CompressedTrie.CustomCompressedTriePerformanceTest.benchmarkSearchHit","avgt",1,3,38.919307,8.045632,"ns/op",40000
"CompressedTrie.CustomCompressedTriePerformanceTest.benchmarkSearchHit","avgt",1,3,40.291008,31.261948,"ns/op",50000
"CompressedTrie.CustomCompressedTriePerformanceTest.benchmarkSearchHit","avgt",1,3,46.707651,19.082040,"ns/op",70000
"CompressedTrie.CustomCompressedTriePerformanceTest.benchmarkSearchHit","avgt",1,3,47.008382,5.306508,"ns/op",80000
"CompressedTrie.CustomCompressedTriePerformanceTest.benchmarkSearchHit","avgt",1,3,48.961098,16.294895,"ns/op",90000
"CompressedTrie.CustomCompressedTriePerformanceTest.benchmarkSearchHit","avgt",1,3,49.450991,4.287754,"ns/op",100000
"CompressedTrie.CustomCompressedTriePerformanceTest.benchmarkSearchMiss","avgt",1,3,6.141866,1.232466,"ns/op",10000
"CompressedTrie.CustomCompressedTriePerformanceTest.benchmarkSearchMiss","avgt",1,3,6.147048,0.878069,"ns/op",20000
"CompressedTrie.CustomCompressedTriePerformanceTest.benchmarkSearchMiss","avgt",1,3,6.209574,1.968955,"ns/op",30000
"CompressedTrie.CustomCompressedTriePerformanceTest.benchmarkSearchMiss","avgt",1,3,6.132560,2.093362,"ns/op",40000
"CompressedTrie.CustomCompressedTriePerformanceTest.benchmarkSearchMiss","avgt",1,3,6.088154,3.065548,"ns/op",50000
"CompressedTrie.CustomCompressedTriePerformanceTest.benchmarkSearchMiss","avgt",1,3,6.136323,1.176971,"ns/op",70000
"CompressedTrie.CustomCompressedTriePerformanceTest.benchmarkSearchMiss","avgt",1,3,6.142076,0.314947,"ns/op",80000
"CompressedTrie.CustomCompressedTriePerformanceTest.benchmarkSearchMiss","avgt",1,3,6.172718,1.935216,"ns/op",90000
"CompressedTrie.CustomCompressedTriePerformanceTest.benchmarkSearchMiss","avgt",1,3,6.066822,1.023617,"ns/op",100000
"CompressedTrie.CustomCompressedTriePerformanceTest.benchmarkSize","avgt",1,3,0.535802,0.023581,"ns/op",10000
"CompressedTrie.CustomCompressedTriePerformanceTest.benchmarkSize","avgt",1,3,0.591258,0.148104,"ns/op",20000
"CompressedTrie.CustomCompressedTriePerformanceTest.benchmarkSize","avgt",1,3,0.592536,0.089933,"ns/op",30000
"CompressedTrie.CustomCompressedTriePerformanceTest.benchmarkSize","avgt",1,3,0.558533,0.491617,"ns/op",40000
"CompressedTrie.CustomCompressedTriePerformanceTest.benchmarkSize","avgt",1,3,0.535111,0.079870,"ns/op",50000
"CompressedTrie.CustomCompressedTriePerformanceTest.benchmarkSize","avgt",1,3,0.542374,0.259695,"ns/op",70000
"CompressedTrie.CustomCompressedTriePerformanceTest.benchmarkSize","avgt",1,3,0.539404,0.281609,"ns/op",80000
"CompressedTrie.CustomCompressedTriePerformanceTest.benchmarkSize","avgt",1,3,0.536668,0.132857,"ns/op",90000
"CompressedTrie.CustomCompressedTriePerformanceTest.benchmarkSize","avgt",1,3,0.524405,0.009871,"ns/op",100000
"CompressedTrie.CustomCompressedTriePerformanceTest.benchmarkStartsWith","avgt",1,3,49.178655,19.813073,"ns/op",10000
"CompressedTrie.CustomCompressedTriePerformanceTest.benchmarkStartsWith","avgt",1,3,169.209308,63.657539,"ns/op",20000
"CompressedTrie.CustomCompressedTriePerformanceTest.benchmarkStartsWith","avgt",1,3,167.310443,52.791758,"ns/op",30000
"CompressedTrie.CustomCompressedTriePerformanceTest.benchmarkStartsWith","avgt",1,3,49.194354,23.307785,"ns/op",40000
"CompressedTrie.CustomCompressedTriePerformanceTest.benchmarkStartsWith","avgt",1,3,47.968903,47.206180,"ns/op",50000
"CompressedTrie.CustomCompressedTriePerformanceTest.benchmarkStartsWith","avgt",1,3,227.850571,20.543605,"ns/op",70000
"CompressedTrie.CustomCompressedTriePerformanceTest.benchmarkStartsWith","avgt",1,3,144.231482,15.072111,"ns/op",80000
"CompressedTrie.CustomCompressedTriePerformanceTest.benchmarkStartsWith","avgt",1,3,225.378276,81.987625,"ns/op",90000
"CompressedTrie.CustomCompressedTriePerformanceTest.benchmarkStartsWith","avgt",1,3,121.761150,59.559822,"ns/op",100000
"CompressedTrie.CustomCompressedTriePerformanceTest.benchmarkToString","avgt",1,3,506117.959818,88939.085968,"ns/op",10000
"CompressedTrie.CustomCompressedTriePerformanceTest.benchmarkToString","avgt",1,3,983061.885551,236410.731204,"ns/op",20000
"CompressedTrie.CustomCompressedTriePerformanceTest.benchmarkToString","avgt",1,3,1356211.459030,542809.609314,"ns/op",30000
"CompressedTrie.CustomCompressedTriePerformanceTest.benchmarkToString","avgt",1,3,2077654.405169,1518607.792395,"ns/op",40000
"CompressedTrie.CustomCompressedTriePerformanceTest.benchmarkToString","avgt",1,3,2845901.273228,1514848.128339,"ns/op",50000
"CompressedTrie.CustomCompressedTriePerformanceTest.benchmarkToString","avgt",1,3,4173015.856170,2816971.215972,"ns/op",70000
"CompressedTrie.CustomCompressedTriePerformanceTest.benchmarkToString","avgt",1,3,4622657.631973,1926028.559445,"ns/op",80000
"CompressedTrie.CustomCompressedTriePerformanceTest.benchmarkToString","avgt",1,3,5196963.170103,3305593.095158,"ns/op",90000
"CompressedTrie.CustomCompressedTriePerformanceTest.benchmarkToString","avgt",1,3,5749410.918954,2645198.673975,"ns/op",100000
